{"count":1,"self":264.4141312,"total":1849.1194169999999,"children":{"InitializeActuators":{"count":1,"self":0.0066609999999999994,"total":0.0066609999999999994,"children":null},"InitializeSensors":{"count":1,"self":0.0053879999999999996,"total":0.0053879999999999996,"children":null},"AgentSendState":{"count":400034,"self":1.766535,"total":152.027792,"children":{"CollectObservations":{"count":400034,"self":70.4820544,"total":70.482053,"children":null},"WriteActionMask":{"count":400034,"self":63.335884799999995,"total":63.335885999999995,"children":null},"RequestDecision":{"count":400034,"self":1.3395299999999999,"total":16.443317999999998,"children":{"AgentInfo.ToProto":{"count":400034,"self":1.7625499999999998,"total":15.103788,"children":{"GenerateSensorData":{"count":400034,"self":13.3412384,"total":13.341237999999999,"children":null}}}}}}},"DecideAction":{"count":400034,"self":1095.5095039999999,"total":1095.5095549999999,"children":null},"AgentAct":{"count":400034,"self":336.6155008,"total":337.142804,"children":{"AgentInfo.ToProto":{"count":16001,"self":0.057235999999999995,"total":0.527303,"children":{"GenerateSensorData":{"count":16001,"self":0.47006699999999996,"total":0.47006699999999996,"children":null}}}}}},"gauges":{"RefinementAgent.CumulativeReward":{"count":16001,"max":0.954933643,"min":-0.8859727,"runningAverage":-0.297680765,"value":-0.50000006,"weightedAverage":-0.3300801}},"metadata":{"timer_format_version":"0.1.0","start_time_seconds":"1783851743","unity_version":"2020.3.48f1","command_line_arguments":"\/Applications\/Unity\/Hub\/Editor\/2020.3.48f1\/Unity.app\/Contents\/MacOS\/Unity -projectpath \/Users\/kimgyuri\/Desktop\/coding\/unity\/roadTest\/road_iso -acceptSoftwareTermsForThisRunOnly -useHub -hubIPC -cloudEnvironment production -licensingIpc LicenseClient-kimgyuri -hubSessionId dae3ae1b-c6e3-42fb-9274-a0d4ec562ed0 -accessToken JHyDSw9pB85E3EDdjphhv7ElpqDfnPuYzCIPX68o0qI00df","communication_protocol_version":"1.5.0","com.unity.ml-agents_version":"2.0.2","scene_name":"RefinementAgent","end_time_seconds":"1783853592"}}