{"count":1,"self":191.5480576,"total":2629.311621,"children":{"InitializeActuators":{"count":1,"self":0.003237,"total":0.003237,"children":null},"InitializeSensors":{"count":1,"self":0.002815,"total":0.002815,"children":null},"AgentSendState":{"count":200051,"self":1.634309,"total":240.89618099999998,"children":{"CollectObservations":{"count":200051,"self":112.14119679999999,"total":112.141199,"children":null},"WriteActionMask":{"count":200051,"self":107.98352639999999,"total":107.98352799999999,"children":null},"RequestDecision":{"count":200051,"self":1.1208449999999999,"total":19.137145,"children":{"AgentInfo.ToProto":{"count":200051,"self":2.170131,"total":18.016299999999998,"children":{"GenerateSensorData":{"count":200051,"self":15.8461696,"total":15.846169,"children":null}}}}}}},"DecideAction":{"count":200051,"self":1747.9679999999998,"total":1747.968023,"children":null},"AgentAct":{"count":200051,"self":448.5122048,"total":448.89158699999996,"children":{"AgentInfo.ToProto":{"count":5001,"self":0.053654999999999994,"total":0.379389,"children":{"GenerateSensorData":{"count":5001,"self":0.32573399999999997,"total":0.32573399999999997,"children":null}}}}}},"gauges":{"RefinementAgent.CumulativeReward":{"count":5001,"max":30.6608353,"min":-1.12604368,"runningAverage":3.38487077,"value":6.02666473,"weightedAverage":4.905757}},"metadata":{"timer_format_version":"0.1.0","start_time_seconds":"1783690374","unity_version":"2020.3.48f1","command_line_arguments":"\/home\/piai\/다운로드\/2020.3.48f1\/Editor\/Unity -projectpath \/home\/piai\/unity\/road_iso -acceptSoftwareTermsForThisRunOnly -useHub -hubIPC -cloudEnvironment production -licensingIpc LicenseClient-piai -hubSessionId a8c33e2e-a87c-47f2-a742-772853ee101f -accessToken CghaoLheVOJ5r3jFVMyuYrJfWQ_96QniL_TcivZzjLA00df","communication_protocol_version":"1.5.0","com.unity.ml-agents_version":"2.0.2","scene_name":"RefinementAgent","end_time_seconds":"1783693004"}}