{"count":1,"self":164.47219199999998,"total":2194.5004572,"children":{"InitializeActuators":{"count":1,"self":0.0012955999999999998,"total":0.0012955999999999998,"children":null},"InitializeSensors":{"count":1,"self":0.0015042999999999999,"total":0.0015042999999999999,"children":null},"AgentSendState":{"count":300034,"self":2.0540726,"total":168.7310139,"children":{"CollectObservations":{"count":300034,"self":76.1359872,"total":76.1359903,"children":null},"WriteActionMask":{"count":300034,"self":71.296896,"total":71.2968954,"children":null},"RequestDecision":{"count":300034,"self":1.4755047,"total":19.2440556,"children":{"AgentInfo.ToProto":{"count":300034,"self":2.8008362,"total":17.768550899999997,"children":{"GenerateSensorData":{"count":300034,"self":14.967715199999999,"total":14.9677147,"children":null}}}}}}},"DecideAction":{"count":300034,"self":1637.8527743999998,"total":1637.8528239,"children":null},"AgentAct":{"count":300034,"self":222.9609472,"total":223.44052309999998,"children":{"AgentInfo.ToProto":{"count":12001,"self":0.074652,"total":0.47958789999999996,"children":{"GenerateSensorData":{"count":12001,"self":0.40493589999999996,"total":0.40493589999999996,"children":null}}}}}},"gauges":{"RefinementAgent.CumulativeReward":{"count":12001,"max":0.0819739848,"min":-0.5827041,"runningAverage":-0.294731379,"value":-0.0603462458,"weightedAverage":-0.132356972}},"metadata":{"timer_format_version":"0.1.0","start_time_seconds":"1783782992","unity_version":"2020.3.48f1","command_line_arguments":"C:\\Program Files\\Unity\\Hub\\Editor\\2020.3.48f1\\Editor\\Unity.exe -projectpath C:\\Users\\HP\\Desktop\\unity\\road_iso -acceptSoftwareTermsForThisRunOnly -useHub -hubIPC -cloudEnvironment production -licensingIpc LicenseClient-8kCmmPNE4czFJi7qoJAX8 -hubSessionId efeb7f6b-27c8-4dcf-b608-a30a8161df2a -accessToken Y65Pb77KWu7tn5rurvU6p4votip_Hcvdg4l8F7zPCFM00df","communication_protocol_version":"1.5.0","com.unity.ml-agents_version":"2.0.2","scene_name":"RefinementAgent","end_time_seconds":"1783785186"}}