{"count":1,"self":1004.5283327999999,"total":6945.8845360999994,"children":{"InitializeActuators":{"count":1,"self":0.0034963999999999998,"total":0.0034963999999999998,"children":null},"InitializeSensors":{"count":1,"self":0.0010428,"total":0.0010428,"children":null},"AgentSendState":{"count":2500051,"self":4.4813912,"total":45.2447728,"children":{"CollectObservations":{"count":500011,"self":11.2391776,"total":11.239177699999999,"children":null},"WriteActionMask":{"count":500011,"self":8.2384208,"total":8.2384208,"children":null},"RequestDecision":{"count":500011,"self":2.6483494,"total":21.285782899999997,"children":{"AgentInfo.ToProto":{"count":500011,"self":3.6641348,"total":18.6374335,"children":{"GenerateSensorData":{"count":500011,"self":14.9732992,"total":14.973298699999999,"children":null}}}}}}},"DecideAction":{"count":2500051,"self":5686.1810688,"total":5686.1809932,"children":null},"AgentAct":{"count":2500051,"self":205.3617792,"total":209.9232931,"children":{"AgentInfo.ToProto":{"count":120362,"self":0.98475899999999994,"total":4.5615149,"children":{"GenerateSensorData":{"count":120362,"self":3.576756,"total":3.5767558999999998,"children":null}}}}}},"gauges":{"PlacementAgent.CumulativeReward":{"count":120362,"max":0.6873467,"min":-3.99072886,"runningAverage":-0.605607748,"value":-1.91160572,"weightedAverage":-0.5339389}},"metadata":{"timer_format_version":"0.1.0","start_time_seconds":"1783243948","unity_version":"2020.3.48f1","command_line_arguments":"C:\\Program Files\\Unity\\Hub\\Editor\\2020.3.48f1\\Editor\\Unity.exe -projectpath C:\\Users\\HP\\Desktop\\unity\\road_iso -acceptSoftwareTermsForThisRunOnly -useHub -hubIPC -cloudEnvironment production -licensingIpc LicenseClient-HP -hubSessionId d257327d-8aa6-4003-a5eb-302cb325e92f -accessToken HTktXaTdG1Hdjcnhkm5EvsizxFwGjMlRqMc8QMjceuI00df","communication_protocol_version":"1.5.0","com.unity.ml-agents_version":"2.0.2","scene_name":"RLTraining","end_time_seconds":"1783250893"}}