{
    "version": 1,
    "bed": {
        "widthX": 0.20999999344348908,
        "lengthZ": 0.6100000143051148,
        "wallHeight": 0.05999999865889549
    },
    "cargo": [
        {
            "type": "합성 고밀도소형",
            "localPos": {
                "x": 0.02863636240363121,
                "y": 0.03999999910593033,
                "z": 0.029516128823161126
            },
            "localEuler": {
                "x": 0.0,
                "y": 0.0,
                "z": 0.0
            },
            "secured": true
        },
        {
            "type": "합성 고밀도소형",
            "localPos": {
                "x": 0.02863636240363121,
                "y": 0.10000000149011612,
                "z": 0.029516128823161126
            },
            "localEuler": {
                "x": 0.0,
                "y": 0.0,
                "z": 0.0
            },
            "secured": true
        },
        {
            "type": "합성 고밀도소형",
            "localPos": {
                "x": 0.10499999672174454,
                "y": 0.03999999910593033,
                "z": 0.029516128823161126
            },
            "localEuler": {
                "x": 0.0,
                "y": 0.0,
                "z": 0.0
            },
            "secured": true
        },
        {
            "type": "합성 고밀도소형",
            "localPos": {
                "x": 0.04772726818919182,
                "y": 0.03999999910593033,
                "z": 0.4033870995044708
            },
            "localEuler": {
                "x": 0.0,
                "y": 0.0,
                "z": 0.0
            },
            "secured": true
        }
    ]
}